{
  "image": "C:\\Users\\sunna\\Downloads\\altitude2.jpg",
  "yolo_model": ".\\runs\\detect\\train2\\weights\\best.pt",
  "classifier_model": ".\\best_convnext_two_phase.pt",
  "class_names": [
    "Jug",
    "Crimp",
    "Pinch",
    "Pocket",
    "Sloper",
    "Volume"
  ],
  "num_classes": 6,
  "holds": [
    {
      "id": 0,
      "cx": 236.5,
      "cy": 653.0,
      "class_id": 2,
      "class_name": "Pinch",
      "confidence": 0.8324046730995178,
      "yolo_conf": 0.9836854934692383,
      "yolo_class": 2,
      "box": [
        110,
        517,
        363,
        789
      ],
      "padded_box": [
        72,
        476,
        400,
        829
      ],
      "probs": [
        0.053872279822826385,
        0.02346121147274971,
        0.8324046730995178,
        0.025335002690553665,
        0.03441604599356651,
        0.03051077015697956
      ]
    },
    {
      "id": 1,
      "cx": 171.0,
      "cy": 1611.0,
      "class_id": 0,
      "class_name": "Jug",
      "confidence": 0.6929214596748352,
      "yolo_conf": 0.9668945670127869,
      "yolo_class": 4,
      "box": [
        8,
        1510,
        334,
        1712
      ],
      "padded_box": [
        0,
        1479,
        382,
        1742
      ],
      "probs": [
        0.6929214596748352,
        0.017915192991495132,
        0.05261460691690445,
        0.036286648362874985,
        0.15677857398986816,
        0.043483536690473557
      ]
    },
    {
      "id": 2,
      "cx": 432.5,
      "cy": 547.5,
      "class_id": 2,
      "class_name": "Pinch",
      "confidence": 0.6985707879066467,
      "yolo_conf": 0.9290316700935364,
      "yolo_class": 2,
      "box": [
        307,
        429,
        558,
        666
      ],
      "padded_box": [
        269,
        393,
        595,
        701
      ],
      "probs": [
        0.06946756690740585,
        0.06530545651912689,
        0.6985707879066467,
        0.03156667202711105,
        0.06281664222478867,
        0.0722728818655014
      ]
    },
    {
      "id": 3,
      "cx": 754.5,
      "cy": 2264.5,
      "class_id": 4,
      "class_name": "Sloper",
      "confidence": 0.9235351085662842,
      "yolo_conf": 0.8485786318778992,
      "yolo_class": 4,
      "box": [
        587,
        2125,
        922,
        2404
      ],
      "padded_box": [
        536,
        2083,
        927,
        2404
      ],
      "probs": [
        0.01696465164422989,
        0.029880892485380173,
        0.013179660774767399,
        0.008058803156018257,
        0.9235351085662842,
        0.008380853570997715
      ]
    },
    {
      "id": 4,
      "cx": 399.5,
      "cy": 2288.0,
      "class_id": 1,
      "class_name": "Crimp",
      "confidence": 0.8813146948814392,
      "yolo_conf": 0.794237494468689,
      "yolo_class": 0,
      "box": [
        352,
        2245,
        447,
        2331
      ],
      "padded_box": [
        337,
        2232,
        461,
        2343
      ],
      "probs": [
        0.06008755788207054,
        0.8813146948814392,
        0.011737137101590633,
        0.01581512950360775,
        0.013033882714807987,
        0.018011657521128654
      ]
    },
    {
      "id": 5,
      "cx": 532.5,
      "cy": 1226.0,
      "class_id": 0,
      "class_name": "Jug",
      "confidence": 0.91670161485672,
      "yolo_conf": 0.7928311824798584,
      "yolo_class": 0,
      "box": [
        490,
        1191,
        575,
        1261
      ],
      "padded_box": [
        477,
        1180,
        587,
        1271
      ],
      "probs": [
        0.91670161485672,
        0.015294482931494713,
        0.014063323847949505,
        0.02022419311106205,
        0.01448671892285347,
        0.019229646772146225
      ]
    },
    {
      "id": 6,
      "cx": 403.0,
      "cy": 1468.0,
      "class_id": 0,
      "class_name": "Jug",
      "confidence": 0.8109427094459534,
      "yolo_conf": 0.7869749069213867,
      "yolo_class": 1,
      "box": [
        290,
        1360,
        516,
        1576
      ],
      "padded_box": [
        256,
        1327,
        549,
        1608
      ],
      "probs": [
        0.8109427094459534,
        0.10842418670654297,
        0.011011767201125622,
        0.014413252472877502,
        0.017976682633161545,
        0.037231288850307465
      ]
    },
    {
      "id": 7,
      "cx": 39.0,
      "cy": 1068.0,
      "class_id": 0,
      "class_name": "Jug",
      "confidence": 0.8033416867256165,
      "yolo_conf": 0.7431450486183167,
      "yolo_class": 0,
      "box": [
        0,
        1026,
        78,
        1110
      ],
      "padded_box": [
        0,
        1013,
        89,
        1122
      ],
      "probs": [
        0.8033416867256165,
        0.10717106610536575,
        0.016541222110390663,
        0.0270984023809433,
        0.022836247459053993,
        0.023011427372694016
      ]
    },
    {
      "id": 8,
      "cx": 736.5,
      "cy": 458.5,
      "class_id": 3,
      "class_name": "Pocket",
      "confidence": 0.5100429058074951,
      "yolo_conf": 0.644190788269043,
      "yolo_class": 0,
      "box": [
        687,
        410,
        786,
        507
      ],
      "padded_box": [
        672,
        395,
        800,
        521
      ],
      "probs": [
        0.2179885357618332,
        0.08830239623785019,
        0.02729569561779499,
        0.5100429058074951,
        0.12108998745679855,
        0.03528045862913132
      ]
    },
    {
      "id": 9,
      "cx": 43.5,
      "cy": 724.0,
      "class_id": 1,
      "class_name": "Crimp",
      "confidence": 0.9183118343353271,
      "yolo_conf": 0.5953235030174255,
      "yolo_class": 2,
      "box": [
        2,
        682,
        85,
        766
      ],
      "padded_box": [
        0,
        669,
        97,
        778
      ],
      "probs": [
        0.016964424401521683,
        0.9183118343353271,
        0.016742585226893425,
        0.016871126368641853,
        0.014678087085485458,
        0.016431882977485657
      ]
    },
    {
      "id": 10,
      "cx": 41.5,
      "cy": 952.0,
      "class_id": 1,
      "class_name": "Crimp",
      "confidence": 0.9233223795890808,
      "yolo_conf": 0.5831430554389954,
      "yolo_class": 0,
      "box": [
        0,
        907,
        83,
        997
      ],
      "padded_box": [
        0,
        893,
        95,
        1010
      ],
      "probs": [
        0.014125032350420952,
        0.9233223795890808,
        0.014949135482311249,
        0.017258867621421814,
        0.014306431636214256,
        0.016038227826356888
      ]
    },
    {
      "id": 11,
      "cx": 143.5,
      "cy": 2149.5,
      "class_id": 1,
      "class_name": "Crimp",
      "confidence": 0.6395301222801208,
      "yolo_conf": 0.5599683523178101,
      "yolo_class": 0,
      "box": [
        100,
        2113,
        187,
        2186
      ],
      "padded_box": [
        86,
        2102,
        200,
        2196
      ],
      "probs": [
        0.2598543167114258,
        0.6395301222801208,
        0.01692068576812744,
        0.029774107038974762,
        0.024707477539777756,
        0.02921333536505699
      ]
    },
    {
      "id": 12,
      "cx": 623.0,
      "cy": 250.5,
      "class_id": 3,
      "class_name": "Pocket",
      "confidence": 0.8962752819061279,
      "yolo_conf": 0.5329173803329468,
      "yolo_class": 0,
      "box": [
        573,
        207,
        673,
        294
      ],
      "padded_box": [
        558,
        193,
        688,
        307
      ],
      "probs": [
        0.022249482572078705,
        0.024020513519644737,
        0.016332847997546196,
        0.8962752819061279,
        0.02378779463469982,
        0.017334001138806343
      ]
    },
    {
      "id": 13,
      "cx": 225.5,
      "cy": 1471.0,
      "class_id": 0,
      "class_name": "Jug",
      "confidence": 0.9172210097312927,
      "yolo_conf": 0.47807762026786804,
      "yolo_class": 4,